{"cameraMode":{"drawMode":0,"name":"Shaded","section":"Shading Mode"},"sceneLighting":true,"audioPlay":false,"sceneViewState":{"showFog":false,"showMaterialUpdate":false,"showSkybox":false,"showFlares":false,"showImageEffects":false,"showParticleSystems":false},"in2DMode":false,"pivot":{"x":4.440731525421143,"y":-1.6738815307617188,"z":11.085037231445313},"rotation":{"x":0.5393557548522949,"y":0.33295151591300967,"z":-0.24475422501564027,"w":0.7337156534194946},"size":37.207664489746097,"orthographic":false}