{"cameraMode":{"drawMode":0,"name":"Shaded","section":"Shading Mode"},"sceneLighting":true,"audioPlay":false,"sceneViewState":{"showFog":false,"showMaterialUpdate":false,"showSkybox":false,"showFlares":false,"showImageEffects":false,"showParticleSystems":false},"in2DMode":false,"pivot":{"x":15.956214904785157,"y":13.470789909362793,"z":10.280875205993653},"rotation":{"x":0.4377392828464508,"y":0.4944031536579132,"z":-0.31818270683288576,"w":0.6802448034286499},"size":24.442169189453126,"orthographic":false}