{"cameraMode":{"drawMode":0,"name":"Shaded","section":"Shading Mode"},"sceneLighting":true,"audioPlay":false,"sceneViewState":{"showFog":false,"showMaterialUpdate":false,"showSkybox":false,"showFlares":false,"showImageEffects":false,"showParticleSystems":false},"in2DMode":false,"pivot":{"x":-3.162107467651367,"y":1.4057574272155762,"z":1.4414606094360352},"rotation":{"x":-0.059537168592214587,"y":0.9195466637611389,"z":-0.1534099131822586,"w":-0.35686877369880679},"size":10.0,"orthographic":false}